Authors ordered by contribution

Fahad Ibnay Heylaal <fahad19@gmail.com>
Rachman Chavik <rchavik@xintesa.com>
Kyle Robinson Young <kyle@dontkry.com>
AD7six <andydawson76@gmail.com>
euromark <euromark@web.de>
SCV Geo <scv@scvgeo.com>
Heiner Gassen <hg@dynweb.net>
Paulino Calderon <paulino@calder0n.com>
pinchsoftware <contact@pinchsoft.com>
John <john@midianegocios.com.br>
Pierre Martin <contact@pierre-martin.fr>
Vitor Pacheco <vitor-p.c@hotmail.com>
primeminister <primeminister@mowd.nl>
ADmad <admad.coder@gmail.com>
James Sapara <james.sapara@gmail.com>
Matt Curry <matt@pseudocoder.com>
Josué Silva Santos <josue.silva.santos@gmail.com>
daniel <daniel@daniels-MacBook-Air.local>
thoth <thomas.rader@tigerclawtech.com>
tmaiaroto <tom@shift8creative.com>
Adam Taylor <ataylor32@gmail.com>
Andrew Weir <andru.weir@gmail.com>
Ceeram <c33ram@gmail.com>
Dirk Brünsicke <d1rk@gmx.de>
Jeremy Harris <jeremy@42pixels.com>
Joachim Nyqvist <Joachim@JNyqvist.se>
Kory Marks <kory.marks@mac.com>
Léo Haddad <scoup001@gmail.com>
Marek Sebera <marek.sebera@gmail.com>
Paulo Pinto <paulorpinto@gmail.com>
Sam Bernard <sam@sambernard.net>
alevilar <alevilar@gmail.com>
joseph-d <joseph.d@nirada.co.th>
romaing <pourri@dixit-productions.com>
stefanozoffoli <stefano.zoffoli@librasoftsnc.it>